"customer_id","name","surname","date_of_birth","email","password_hash"
"1","Jessica","Denesik","1955-07-14T22:06:33.625Z","America_Satterfield@gmail.com","702YdUgRAL47X8tG6zUoh54vqZDjdaxSFcLvFZSB6"
"2","Ellsworth","Mayer","1971-04-27T09:38:16.939Z","Johnpaul.Wehner55@hotmail.com","79UQooRcthql8jdUeAc4WWQScZsPfA3YXXZOC8RIf"
"3","Sarina","Blanda","2011-11-24T05:37:23.663Z","Nick56@hotmail.com","FJxS5d4Wwknpbl7QH9xiztDZHRzHbncG4LxN8rDha"
"4","Lewis","Wyman","1962-10-24T23:05:10.099Z","Laura60@yahoo.com","X21b7fL4woEV0ENR4FF4Udl7nETJWapWcwx3lxUqG"
"5","Mathilde","Anderson","1955-12-08T04:47:57.059Z","Hoyt35@yahoo.com","4nMJQ26d64DwW5G45IIghWBOEByGTyxfvtmzKgAPr"
"6","Keshawn","O'Reilly","1971-08-31T20:58:29.565Z","Saul40@gmail.com","69cVqE2HnaDtyWwuVZKPE4ZwoDD292AGGHAQSSuwG"
"7","Daphne","Herzog","1965-09-14T11:11:10.058Z","Kayla_Miller@yahoo.com","vWyXrj4xHT74SpcWtKWm3nqZcvLfhcvyEwJieXR2G"
"8","Lillie","Wisoky","1957-03-03T07:40:41.696Z","Donna_Doyle@gmail.com","HFYTKzMZZ0dDdqm2zcAmkCFYhsclOkV7SqakuaGuE"
"9","Ross","Sawayn","2014-07-12T23:41:11.959Z","Kamille74@yahoo.com","MkvjnRoJslknsBqQGiBGV4YR5izlfTIpK7Yg2BqJr"
"10","Hallie","Corwin","1992-04-11T20:35:42.633Z","Lorenza_VonRueden14@hotmail.com","ike9bHTXtMJ6BjKEZnAsXlZpHRXGQJNL8O09vAjdP"
"11","Blake","Reichert","1957-11-23T23:01:19.980Z","Alessia87@hotmail.com","dvHPp2IJOmEd8UGZQp5fHfmnrwsxJ1LzWGMHmNCig"
"12","Mertie","Mosciski","2023-12-06T12:21:37.532Z","Amelie_Huel65@yahoo.com","tavumXaezi4xXJ7XvHATIIjszKIsIzjukMeZTTa7O"
"13","Zachery","Kuhn","2013-03-08T09:56:09.778Z","Eric.VonRueden@yahoo.com","k7CVHdHDj3kwGqzqkKcXCnU4lvmydS4BQZUzK1Pn1"
"14","Harmony","Kunze","1997-07-28T14:00:19.097Z","Deontae.OReilly@gmail.com","cbIg7hMHqAWdELgCpoE71PIpda6grqOeOAEIb9Fwm"
"15","Remington","Stehr","2024-03-23T16:05:11.916Z","Jaqueline.Metz37@yahoo.com","7FU8Q4GqsjYEGguVlk0JTic7YPTLisVhhW8uuwLPh"
"16","Alberto","Schoen","1948-03-13T08:45:33.160Z","Ryann41@yahoo.com","0XQ2Zkwi3NZvuI3AgiI0bGRXWL5AaosbQzjOdPFrR"
"17","Marian","Witting","2007-04-01T14:41:36.921Z","Colten_Beer-Kemmer@gmail.com","kQdFCFvPssw2W5HbLB2aHTIkoSNnNq8SZY4NT8sEl"
"18","Dolores","Kuvalis","1986-05-25T05:06:08.171Z","Lisa_Schuppe@gmail.com","5udSUdLVEPuClYJHQf4wm2Ns5dpP93JcnoAT7EeAC"
"19","Mervin","Quigley","2024-01-31T00:28:28.204Z","Janessa.Parisian51@hotmail.com","rF1AsuCtfttCm3pEWwHrZuPA3hmHDLH3fdkDZWhTt"
"20","Jovani","Romaguera","1949-04-08T02:10:17.524Z","Evan_Leffler41@yahoo.com","ftLGdYHbppmehzh9DqDH6zce7UcOWLWs1X35RevD0"
"21","Alanna","Gerlach","1956-08-11T02:18:56.091Z","Lucy_Collins@hotmail.com","qrbMasecDXwMPqLtd1tPCuAn3pc2F9w4s8Lg5aCLq"
"22","Russ","Hodkiewicz","1954-12-25T09:26:38.693Z","Albert_Reynolds@gmail.com","no0vvk5VLjnWUL0qCSToITJ12uSO6HfloT0318oNR"
"23","Delmer","Conn","2006-04-18T03:56:43.149Z","Ubaldo.Gerlach@hotmail.com","pZXK3SC8lyltAIvBw03MUvXmCkKyA4f8VjI3kxedk"
"24","Delilah","Rosenbaum-Medhurst","1980-01-22T21:19:53.681Z","Jude_Ferry@gmail.com","5Whx28tAiK3MqMHPePfJdu48bidVgcC6ugsHIlNxU"
"25","Sunny","Renner","1945-06-22T11:06:00.698Z","Adolph_Predovic@gmail.com","8wUmBAsOA66kQOrUyZ9LWhjOf8ZCJUPfy3WwxHKDH"